File;Line;French Text;English Translation
app/dashboard/src/lib/components/CubesTab.svelte;36;Déterministe;Deterministic
app/dashboard/src/lib/components/CubesTab.svelte;36;Une seule trajectoire — pas de scénarios;Single trajectory — no scenarios
app/dashboard/src/lib/components/CubesTab.svelte;37;PCA Bootstrap;PCA Bootstrap
app/dashboard/src/lib/components/CubesTab.svelte;37;Resample historique — 3 facteurs (niveau/pente/courbure);Historical resample — 3 factors (level/slope/curvature)
app/dashboard/src/lib/components/CubesTab.svelte;38;Hull-White 2F;Hull-White 2F
app/dashboard/src/lib/components/CubesTab.svelte;38;G2++ — deux processus mean-reverting corrélés;G2++ — two correlated mean-reverting processes
app/dashboard/src/lib/components/CubesTab.svelte;39;Script Python;Python Script
app/dashboard/src/lib/components/CubesTab.svelte;39;Fonction Python définie par l'utilisateur (Pyodide);User-defined Python function (Pyodide)
app/dashboard/src/lib/components/CubesTab.svelte;58;Mensuel (1M);Monthly (1M)
app/dashboard/src/lib/components/CubesTab.svelte;59;Trimestriel (3M);Quarterly (3M)
app/dashboard/src/lib/components/CubesTab.svelte;60;Semestriel (6M);Biannual (6M)
app/dashboard/src/lib/components/CubesTab.svelte;61;Annuel (12M);Annual (12M)
app/dashboard/src/lib/components/CubesTab.svelte;84;Supprimer le cube "${name}" ?;Delete the cube "${name}"?
app/dashboard/src/lib/components/CubesTab.svelte;105;composante (pas de série);component (no series)
app/dashboard/src/lib/components/CubesTab.svelte;131;Nom requis;Name required
app/dashboard/src/lib/components/CubesTab.svelte;132;Stack requis;Stack required
app/dashboard/src/lib/components/CubesTab.svelte;133;Dates de début et fin requises;Start and end dates required
app/dashboard/src/lib/components/CubesTab.svelte;134;La date de fin doit être après la date de début;End date must be after start date
app/dashboard/src/lib/components/CubesTab.svelte;181;← Retour;← Back
app/dashboard/src/lib/components/CubesTab.svelte;184;Nouveau cube;New cube
app/dashboard/src/lib/components/CubesTab.svelte;195;Chargement…;Loading…
app/dashboard/src/lib/components/CubesTab.svelte;198;Aucun cube défini.;No cube defined.
app/dashboard/src/lib/components/CubesTab.svelte;199;Un cube ajoute la dimension temporelle à un stack : il définit les dates d'analyse, le pas et les options de projection.;A cube adds the temporal dimension to a stack: it defines analysis dates, step and projection options.
app/dashboard/src/lib/components/CubesTab.svelte;200;Créer un cube;Create a cube
app/dashboard/src/lib/components/CubesTab.svelte;259;Début analyse;Analysis start
app/dashboard/src/lib/components/CubesTab.svelte;263;Fin analyse;Analysis end
app/dashboard/src/lib/components/CubesTab.svelte;267;Pas;Step
app/dashboard/src/lib/components/CubesTab.svelte;271;Dates d'analyse;Analysis dates
app/dashboard/src/lib/components/CubesTab.svelte;276;Oui;Yes
app/dashboard/src/lib/components/CubesTab.svelte;276;Non;No
app/dashboard/src/lib/components/CubesTab.svelte;280;scénarios;scenarios
app/dashboard/src/lib/components/CubesTab.svelte;302;Nom du cube;Cube name
app/dashboard/src/lib/components/CubesTab.svelte;307;Description (optionnel);Description (optional)
app/dashboard/src/lib/components/CubesTab.svelte;312;Stack de courbes;Curve stack
app/dashboard/src/lib/components/CubesTab.svelte;314;-- Sélectionner un stack --;-- Select a stack --
app/dashboard/src/lib/components/CubesTab.svelte;316;composante;component
app/dashboard/src/lib/components/CubesTab.svelte;320;Aucun stack disponible — créez d'abord un stack dans l'onglet Stacks.;No stack available — first create a stack in the Stacks tab.
app/dashboard/src/lib/components/CubesTab.svelte;325;Date de début;Start date
app/dashboard/src/lib/components/CubesTab.svelte;329;Date de fin;End date
app/dashboard/src/lib/components/CubesTab.svelte;335;Pas temporel;Temporal step
app/dashboard/src/lib/components/CubesTab.svelte;359;scénarios;scenarios
app/dashboard/src/lib/components/CubesTab.svelte;364;composantes;components
app/dashboard/src/lib/components/CubesTab.svelte;373;Projections des séries sous-jacentes;Underlying series projections
app/dashboard/src/lib/components/CubesTab.svelte;375;Chargement du stack…;Loading the stack…
app/dashboard/src/lib/components/CubesTab.svelte;377;Pour chaque série de taux utilisée dans le stack, choisissez comment la projeter dans le futur.;For each rate series used in the stack, choose how to project it into the future.
app/dashboard/src/lib/components/CubesTab.svelte;379;La dimension "scénarios" du cube correspond aux trajectoires simulées.;The "scenarios" dimension of the cube corresponds to simulated trajectories.
app/dashboard/src/lib/components/CubesTab.svelte;387;Méthode;Method
app/dashboard/src/lib/components/CubesTab.svelte;397;Scénarios;Scenarios
app/dashboard/src/lib/components/CubesTab.svelte;401;Seed;Seed
app/dashboard/src/lib/components/CubesTab.svelte;402;aléatoire;random
app/dashboard/src/lib/components/CubesTab.svelte;407;Paramètres G2++;G2++ Parameters
app/dashboard/src/lib/components/CubesTab.svelte;427;Script Python (Pyodide);Python Script (Pyodide)
app/dashboard/src/lib/components/CubesTab.svelte;431;retourne une liste de n_scenarios courbes simulées;return a list of n_scenarios simulated curves
app/dashboard/src/lib/components/CubesTab.svelte;446;Annuler;Cancel
app/dashboard/src/lib/components/CubesTab.svelte;448;Création…;Creating…
app/dashboard/src/lib/components/CubesTab.svelte;448;Créer le cube;Create the cube
app/dashboard/src/lib/components/StacksTab.svelte;24;Supprimer le stack "${name}" ?;Delete the stack "${name}"?
app/dashboard/src/lib/components/StacksTab.svelte;36;Linéaire;Linear
app/dashboard/src/lib/components/StacksTab.svelte;36;Interpolation linéaire entre points — rapide, standard;Linear interpolation between points — fast, standard
app/dashboard/src/lib/components/StacksTab.svelte;37;Spline cubique;Cubic Spline
app/dashboard/src/lib/components/StacksTab.svelte;37;Courbe lisse — recommandée pour courbes de swap;Smooth curve — recommended for swap curves
app/dashboard/src/lib/components/StacksTab.svelte;38;Flat forward;Flat forward
app/dashboard/src/lib/components/StacksTab.svelte;38;Constant par segment — conventions monétaires court terme;Constant per segment — short-term money market conventions
app/dashboard/src/lib/components/StacksTab.svelte;104;Nom requis;Name required
app/dashboard/src/lib/components/StacksTab.svelte;113;Composante ${i + 1};Component ${i + 1}
app/dashboard/src/lib/components/StacksTab.svelte;120;Stack créé avec succès.;Stack created successfully.
app/dashboard/src/lib/components/StacksTab.svelte;126;Composante ${i + 1};Component ${i + 1}
app/dashboard/src/lib/components/StacksTab.svelte;131;stack(s) générés.;stack(s) generated.
app/dashboard/src/lib/components/StacksTab.svelte;168;Bibliothèque;Library
app/dashboard/src/lib/components/StacksTab.svelte;173;Nouveau stack;New stack
app/dashboard/src/lib/components/StacksTab.svelte;185;Chargement…;Loading…
app/dashboard/src/lib/components/StacksTab.svelte;188;Aucun stack défini.;No stack defined.
app/dashboard/src/lib/components/StacksTab.svelte;189;Un stack regroupe plusieurs composantes de courbes additives pour former un taux FTP.;A stack groups several additive curve components to form an FTP rate.
app/dashboard/src/lib/components/StacksTab.svelte;191;Créer un stack;Create a stack
app/dashboard/src/lib/components/StacksTab.svelte;207;composante;component
app/dashboard/src/lib/components/StacksTab.svelte;224;Chargement du détail…;Loading details…
app/dashboard/src/lib/components/StacksTab.svelte;236;Label;Label
app/dashboard/src/lib/components/StacksTab.svelte;236;Courbe;Curve
app/dashboard/src/lib/components/StacksTab.svelte;236;Interpolation;Interpolation
app/dashboard/src/lib/components/StacksTab.svelte;236;Poids;Weight
app/dashboard/src/lib/components/StacksTab.svelte;268;Nom du stack;Stack name
app/dashboard/src/lib/components/StacksTab.svelte;272;Description (optionnel);Description (optional)
app/dashboard/src/lib/components/StacksTab.svelte;281;Stack simple;Simple stack
app/dashboard/src/lib/components/StacksTab.svelte;288;Générer combinaisons;Generate combinations
app/dashboard/src/lib/components/StacksTab.svelte;295;Sélectionne plusieurs courbes par composante → le système génère le produit cartésien (tous les stacks plats possibles).;Select multiple curves per component → the system generates the Cartesian product (all possible flat stacks).
app/dashboard/src/lib/components/StacksTab.svelte;306;Label (ex: Taux base);Label (e.g., Base rate)
app/dashboard/src/lib/components/StacksTab.svelte;312;-- Choisir une courbe --;-- Choose a curve --
app/dashboard/src/lib/components/StacksTab.svelte;321;⚠ Composante ${compKey} déjà présente dans ce stack — logique économique à vérifier;⚠ Component ${compKey} already present in this stack — economic logic to verify
app/dashboard/src/lib/components/StacksTab.svelte;330;Poids;Weight
app/dashboard/src/lib/components/StacksTab.svelte;333;Méthode d'interpolation;Interpolation method
app/dashboard/src/lib/components/StacksTab.svelte;353;Aucune courbe disponible;No curve available
app/dashboard/src/lib/components/StacksTab.svelte;357;sélectionnée;selected
app/dashboard/src/lib/components/StacksTab.svelte;368;Monter;Move up
app/dashboard/src/lib/components/StacksTab.svelte;380;Ajouter une composante;Add a component
app/dashboard/src/lib/components/StacksTab.svelte;387;Annuler;Cancel
app/dashboard/src/lib/components/StacksTab.svelte;390;Sauvegarde…;Saving…
app/dashboard/src/lib/components/StacksTab.svelte;390;Sauvegarder le stack;Save the stack
app/dashboard/src/lib/components/StacksTab.svelte;392;Génération…;Generating…
app/dashboard/src/lib/components/StacksTab.svelte;392;Générer les combinaisons;Generate combinations
app/dashboard/src/lib/components/CurvesTab.svelte;72;Supprimer cette courbe ?;Delete this curve?
app/dashboard/src/lib/components/CurvesTab.svelte;122;Courbe CoF enregistrée dans la bibliothèque.;CoF curve saved to library.
app/dashboard/src/lib/components/CurvesTab.svelte;188;Bibliothèque;Library
app/dashboard/src/lib/components/CurvesTab.svelte;181;Constructeur 14 composantes;14-component Builder
app/dashboard/src/lib/components/CurvesTab.svelte;189;✕ Annuler;✕ Cancel
app/dashboard/src/lib/components/CurvesTab.svelte;189;+ Nouvelle courbe;+ New curve
app/dashboard/src/lib/components/CurvesTab.svelte;200;Nouvelle courbe (composante unique);New curve (single component)
app/dashboard/src/lib/components/CurvesTab.svelte;210;Série historique sous-jacente;Underlying historical series
app/dashboard/src/lib/components/CurvesTab.svelte;212;— Aucune (spread / saisie manuelle) —;— None (spread / manual entry) —
app/dashboard/src/lib/components/CurvesTab.svelte;219;Date effective;Effective date
app/dashboard/src/lib/components/CurvesTab.svelte;222;Tenors (séparés par virgule);Tenors (comma-separated)
app/dashboard/src/lib/components/CurvesTab.svelte;226;Taux décimaux (ex: 0.0450 = 4.50%);Decimal rates (e.g., 0.0450 = 4.50%)
app/dashboard/src/lib/components/CurvesTab.svelte;235;Chargement...;Loading...
app/dashboard/src/lib/components/CurvesTab.svelte;238;Aucune courbe. Utilisez le Constructeur 14 composantes ou créez une courbe simple.;No curve. Use the 14-component Builder or create a simple curve.
app/dashboard/src/lib/components/CurvesTab.svelte;244;Nom;Name
app/dashboard/src/lib/components/CurvesTab.svelte;244;Composante;Component
app/dashboard/src/lib/components/CurvesTab.svelte;244;Série;Series
app/dashboard/src/lib/components/CurvesTab.svelte;244;Devise;Currency
app/dashboard/src/lib/components/CurvesTab.svelte;244;Taux;Rate
app/dashboard/src/lib/components/CurvesTab.svelte;244;Statut;Status
app/dashboard/src/lib/components/CurvesTab.svelte;244;Date;Date
app/dashboard/src/lib/components/CurvesTab.svelte;244;Actions;Actions
app/dashboard/src/lib/components/CurvesTab.svelte;269;Approuver;Approve
app/dashboard/src/lib/components/CurvesTab.svelte;304;⬆ Importer CSV;⬆ Import CSV
app/dashboard/src/lib/components/CurvesTab.svelte;307;⬇ Exporter CSV;⬇ Export CSV
app/dashboard/src/lib/components/CurvesTab.svelte;308;💾 Sauvegarder dans bibliothèque;💾 Save to library
app/dashboard/src/lib/components/CurvesTab.svelte;314;Visualisation CoF par tenor;CoF visualization by tenor
app/dashboard/src/lib/components/CurvesTab.svelte;350;Grille de saisie (valeurs en %);Input grid (values in %)
app/dashboard/src/App.svelte;38;Courbes;Curves
app/dashboard/src/App.svelte;44;Exécutions;Executions
app/dashboard/src/lib/components/DashboardV3Tab.svelte;95;Taux FTP (%);FTP Rate (%)
app/dashboard/src/lib/components/DashboardV3Tab.svelte;125;Encours;Outstanding
app/dashboard/src/lib/components/DashboardV3Tab.svelte;152;Taux FTP (%);FTP Rate (%)
app/dashboard/src/lib/components/DashboardV3Tab.svelte;157;Taux FTP;FTP Rate
app/dashboard/src/lib/components/DashboardV3Tab.svelte;164;Encours;Outstanding
app/dashboard/src/lib/components/DashboardV3Tab.svelte;201;-- Sélectionner une exécution --;-- Select an execution --
app/dashboard/src/lib/components/DashboardV3Tab.svelte;209;Rafraîchir;Refresh
app/dashboard/src/lib/components/DashboardV3Tab.svelte;221;Sélectionnez une exécution pour afficher le dashboard.;Select an execution to display the dashboard.
app/dashboard/src/lib/components/DashboardV3Tab.svelte;225;Chargement…;Loading…
app/dashboard/src/lib/components/DashboardV3Tab.svelte;235;Méthode;Method
app/dashboard/src/lib/components/DashboardV3Tab.svelte;239;Statut;Status
app/dashboard/src/lib/components/DashboardV3Tab.svelte;247;Durée;Duration
app/dashboard/src/lib/components/DashboardV3Tab.svelte;251;Date;Date
app/dashboard/src/lib/components/DashboardV3Tab.svelte;260;Linkers à afficher;Linkers to display
app/dashboard/src/lib/components/DashboardV3Tab.svelte;261;Tous;All
app/dashboard/src/lib/components/DashboardV3Tab.svelte;288;Taux FTP moy. pondéré;Avg. weighted FTP rate
app/dashboard/src/lib/components/DashboardV3Tab.svelte;293;Encours moyen;Average outstanding
app/dashboard/src/lib/components/DashboardV3Tab.svelte;297;Intérêts FTP / mois moy.;Avg. FTP interest / month
app/dashboard/src/lib/components/DashboardV3Tab.svelte;301;Dates d'analyse;Analysis dates
app/dashboard/src/lib/components/DashboardV3Tab.svelte;309;Taux FTP pondéré dans le temps;Weighted FTP rate over time
app/dashboard/src/lib/components/DashboardV3Tab.svelte;314;Encours dans le temps;Outstanding over time
app/dashboard/src/lib/components/DashboardV3Tab.svelte;320;Comparaison — dernière période;Comparison — last period
app/dashboard/src/lib/components/DashboardV3Tab.svelte;326;Résumé par linker (dernière période);Summary by linker (last period)
app/dashboard/src/lib/components/DashboardV3Tab.svelte;331;Dernière date;Last date
app/dashboard/src/lib/components/DashboardV3Tab.svelte;332;Taux FTP;FTP rate
app/dashboard/src/lib/components/DashboardV3Tab.svelte;333;Encours;Outstanding
app/dashboard/src/lib/components/DashboardV3Tab.svelte;334;Intérêts FTP / mois;FTP interest / month
app/dashboard/src/lib/components/DashboardV3Tab.svelte;335;Tendance;Trend
app/dashboard/src/lib/components/DashboardV3Tab.svelte;353;→ stable;→ stable
app/dashboard/src/lib/components/DashboardV3Tab.svelte;368;Aucun résultat dans cette exécution.;No result in this execution.
app/dashboard/src/lib/components/DashboardV3Tab.svelte;370;Erreur inconnue;Unknown error
app/dashboard/src/lib/components/ExecutionsV3Tab.svelte;44;Sélectionner une study;Select a study
app/dashboard/src/lib/components/ExecutionsV3Tab.svelte;67;Supprimer cette exécution ?;Delete this execution?
app/dashboard/src/lib/components/ExecutionsV3Tab.svelte;93;Exécutions;Executions
app/dashboard/src/lib/components/ExecutionsV3Tab.svelte;100;Nouvelle exécution;New execution
app/dashboard/src/lib/components/ExecutionsV3Tab.svelte;111;Chargement…;Loading…
app/dashboard/src/lib/components/ExecutionsV3Tab.svelte;114;Aucune exécution.;No execution.
app/dashboard/src/lib/components/ExecutionsV3Tab.svelte;115;Lancez une exécution en sélectionnant une study.;Run an execution by selecting a study.
app/dashboard/src/lib/components/ExecutionsV3Tab.svelte;116;Lancer;Launch
app/dashboard/src/lib/components/ExecutionsV3Tab.svelte;123;Statut;Status
app/dashboard/src/lib/components/ExecutionsV3Tab.svelte;124;Label;Label
app/dashboard/src/lib/components/ExecutionsV3Tab.svelte;125;Study;Study
app/dashboard/src/lib/components/ExecutionsV3Tab.svelte;126;Méthode;Method
app/dashboard/src/lib/components/ExecutionsV3Tab.svelte;127;Durée;Duration
app/dashboard/src/lib/components/ExecutionsV3Tab.svelte;128;Date;Date
app/dashboard/src/lib/components/ExecutionsV3Tab.svelte;156;Lancer une exécution;Launch an execution
app/dashboard/src/lib/components/ExecutionsV3Tab.svelte;159;Study à exécuter;Study to execute
app/dashboard/src/lib/components/ExecutionsV3Tab.svelte;161;-- Choisir une study --;-- Choose a study --
app/dashboard/src/lib/components/ExecutionsV3Tab.svelte;167;Aucune study disponible — créez-en une dans l'onglet Studies.;No study available — create one in the Studies tab.
app/dashboard/src/lib/components/ExecutionsV3Tab.svelte;172;Méthode FTP;FTP method
app/dashboard/src/lib/components/ExecutionsV3Tab.svelte;181;Label (optionnel);Label (optional)
app/dashboard/src/lib/components/ExecutionsV3Tab.svelte;189;Annuler;Cancel
app/dashboard/src/lib/components/ExecutionsV3Tab.svelte;192;Calcul en cours…;Calculation in progress…
app/dashboard/src/lib/components/ExecutionsV3Tab.svelte;194;Lancer;Launch
app/dashboard/src/lib/components/ExecutionsV3Tab.svelte;203;Chargement…;Loading…
app/dashboard/src/lib/components/ExecutionsV3Tab.svelte;228;Taux FTP moyen pondéré;Average weighted FTP rate
app/dashboard/src/lib/components/ExecutionsV3Tab.svelte;232;Encours moyen;Average outstanding
app/dashboard/src/lib/components/ExecutionsV3Tab.svelte;236;Dates d'analyse;Analysis dates
app/dashboard/src/lib/components/ExecutionsV3Tab.svelte;240;Linkers;Linkers
app/dashboard/src/lib/components/ExecutionsV3Tab.svelte;298;Taux FTP pondéré;Weighted FTP rate
app/dashboard/src/lib/components/ExecutionsV3Tab.svelte;299;Encours total;Total outstanding
app/dashboard/src/lib/components/ExecutionsV3Tab.svelte;300;Intérêts FTP / mois;FTP interest / month
app/dashboard/src/lib/components/ExecutionsV3Tab.svelte;325;Aucun résultat — la study ne contient peut-être aucun linker.;No result — the study may not contain any linkers.
app/dashboard/src/lib/components/StudiesTab.svelte;55;Nom requis;Name required
app/dashboard/src/lib/components/StudiesTab.svelte;67;Supprimer "${name}" ?;Delete "${name}"?
app/dashboard/src/lib/components/StudiesTab.svelte;110;Nouvelle study;New study
app/dashboard/src/lib/components/StudiesTab.svelte;121;Chargement…;Loading…
app/dashboard/src/lib/components/StudiesTab.svelte;124;Aucune study définie.;No study defined.
app/dashboard/src/lib/components/StudiesTab.svelte;125;Une study regroupe plusieurs linkers pour comparer des analyses FTP.;A study groups several linkers to compare FTP analyses.
app/dashboard/src/lib/components/StudiesTab.svelte;126;Créer;Create
app/dashboard/src/lib/components/StudiesTab.svelte;154;Nouvelle study;New study
app/dashboard/src/lib/components/StudiesTab.svelte;157;Nom;Name
app/dashboard/src/lib/components/StudiesTab.svelte;158;Ex: Analyse sensibilité ESTR;Example: ESTR sensitivity analysis
app/dashboard/src/lib/components/StudiesTab.svelte;161;Description (optionnel);Description (optional)
app/dashboard/src/lib/components/StudiesTab.svelte;167;Annuler;Cancel
app/dashboard/src/lib/components/StudiesTab.svelte;169;Création…;Creating…
app/dashboard/src/lib/components/StudiesTab.svelte;169;Créer;Create
app/dashboard/src/lib/components/StudiesTab.svelte;177;Chargement…;Loading…
app/dashboard/src/lib/components/StudiesTab.svelte;191;créée le;created on
app/dashboard/src/lib/components/StudiesTab.svelte;196;Ajouter un linker;Add a linker
app/dashboard/src/lib/components/StudiesTab.svelte;198;-- Choisir --;-- Choose --
app/dashboard/src/lib/components/StudiesTab.svelte;204;Tous les linkers sont déjà dans cette study.;All linkers are already in this study.
app/dashboard/src/lib/components/StudiesTab.svelte;207;Alias dans cette study (optionnel);Alias in this study (optional)
app/dashboard/src/lib/components/StudiesTab.svelte;208;Ex: Scénario base;Example: Base scenario
app/dashboard/src/lib/components/StudiesTab.svelte;215;Ajout…;Adding…
app/dashboard/src/lib/components/StudiesTab.svelte;215;Ajouter;Add
app/dashboard/src/lib/components/StudiesTab.svelte;225;Linkers;Linkers
app/dashboard/src/lib/components/StudiesTab.svelte;228;Aucun linker — ajoutez-en depuis le panneau gauche.;No linker — add one from the left panel.
app/dashboard/src/lib/components/StudiesTab.svelte;258;Éditer;Edit
app/dashboard/src/lib/components/StudiesTab.svelte;262;Annuler;Cancel
app/dashboard/src/lib/components/StudiesTab.svelte;264;Sauvegarde…;Saving…
app/dashboard/src/lib/components/StudiesTab.svelte;264;Sauvegarder;Save
app/dashboard/src/lib/components/StudiesTab.svelte;274;Contexte, objectif, observations…;Context, objective, observations…
app/dashboard/src/lib/components/StudiesTab.svelte;280;Aucune note. Cliquez sur Éditer pour en ajouter.;No note. Click Edit to add one.
app/dashboard/src/lib/components/LinkersTab.svelte;41;Supprimer le linker "${name}" ?;Delete the linker "${name}"?
app/dashboard/src/lib/components/LinkersTab.svelte;55;Nom requis;Name required
app/dashboard/src/lib/components/LinkersTab.svelte;56;Portfolio requis;Portfolio required
app/dashboard/src/lib/components/LinkersTab.svelte;57;Cube requis;Cube required
app/dashboard/src/lib/components/LinkersTab.svelte;58;Date de début requise;Start date required
app/dashboard/src/lib/components/LinkersTab.svelte;85;Nouveau linker;New linker
app/dashboard/src/lib/components/LinkersTab.svelte;96;Chargement…;Loading…
app/dashboard/src/lib/components/LinkersTab.svelte;99;Aucun linker défini.;No linker defined.
app/dashboard/src/lib/components/LinkersTab.svelte;100;Un linker associe un portfolio à un cube et définit la date de départ de l'analyse.;A linker associates a portfolio with a cube and defines the start date of the analysis.
app/dashboard/src/lib/components/LinkersTab.svelte;101;Créer;Create
app/dashboard/src/lib/components/LinkersTab.svelte;123;Début :;Start:
app/dashboard/src/lib/components/LinkersTab.svelte;152;Date de début;Start date
app/dashboard/src/lib/components/LinkersTab.svelte;156;Créé le;Created on
app/dashboard/src/lib/components/LinkersTab.svelte;170;Nom du linker;Linker name
app/dashboard/src/lib/components/LinkersTab.svelte;171;Ex: Crédits immo × Cube ESTR 2025;Example: Real estate credits × ESTR Cube 2025
app/dashboard/src/lib/components/LinkersTab.svelte;175;Portfolio;Portfolio
app/dashboard/src/lib/components/LinkersTab.svelte;177;-- Choisir un portfolio --;-- Choose a portfolio --
app/dashboard/src/lib/components/LinkersTab.svelte;187;Aucun portfolio — créez-en un dans l'onglet Portfolios.;No portfolio — create one in the Portfolios tab.
app/dashboard/src/lib/components/LinkersTab.svelte;192;Cube;Cube
app/dashboard/src/lib/components/LinkersTab.svelte;194;-- Choisir un cube --;-- Choose a cube --
app/dashboard/src/lib/components/LinkersTab.svelte;202;Aucun cube — créez-en un dans l'onglet Cubes.;No cube — create one in the Cubes tab.
app/dashboard/src/lib/components/LinkersTab.svelte;207;Date de début de l'analyse;Analysis start date
app/dashboard/src/lib/components/LinkersTab.svelte;209;Premier point dans la dimension temporelle du cube.;First point in the cube's time dimension.
app/dashboard/src/lib/components/LinkersTab.svelte;245;Annuler;Cancel
app/dashboard/src/lib/components/LinkersTab.svelte;247;Création…;Creating…
app/dashboard/src/lib/components/LinkersTab.svelte;247;Créer le linker;Create the linker
app/dashboard/src/lib/components/PortfolioV3Tab.svelte;52;Nom requis;Name required
app/dashboard/src/lib/components/PortfolioV3Tab.svelte;64;Supprimer "${name}" ?;Delete "${name}"?
app/dashboard/src/lib/components/PortfolioV3Tab.svelte;73;Les deux fichiers sont requis.;Both files are required.
app/dashboard/src/lib/components/PortfolioV3Tab.svelte;81;Ligne ajoutée.;Line added.
app/dashboard/src/lib/components/PortfolioV3Tab.svelte;89;Supprimer cette ligne ?;Delete this row?
app/dashboard/src/lib/components/PortfolioV3Tab.svelte;128;Nouveau portfolio;New portfolio
app/dashboard/src/lib/components/PortfolioV3Tab.svelte;139;Chargement…;Loading…
app/dashboard/src/lib/components/PortfolioV3Tab.svelte;142;Aucun portfolio défini.;No portfolio defined.
app/dashboard/src/lib/components/PortfolioV3Tab.svelte;143;Un portfolio contient un ou plusieurs profils d'amortissement associés à un vecteur d'encours.;A portfolio contains one or more amortization profiles associated with an outstanding vector.
app/dashboard/src/lib/components/PortfolioV3Tab.svelte;144;Créer;Create
app/dashboard/src/lib/components/PortfolioV3Tab.svelte;174;Nouveau portfolio;New portfolio
app/dashboard/src/lib/components/PortfolioV3Tab.svelte;178;Nom;Name
app/dashboard/src/lib/components/PortfolioV3Tab.svelte;179;Ex: Crédits immobiliers 2025;Example: Real estate loans 2025
app/dashboard/src/lib/components/PortfolioV3Tab.svelte;182;Description (optionnel);Description (optional)
app/dashboard/src/lib/components/PortfolioV3Tab.svelte;186;Type de schedule;Schedule type
app/dashboard/src/lib/components/PortfolioV3Tab.svelte;193;Stock amortissement;Stock amortization
app/dashboard/src/lib/components/PortfolioV3Tab.svelte;194;profil du stock existant;existing stock profile
app/dashboard/src/lib/components/PortfolioV3Tab.svelte;201;New production;New production
app/dashboard/src/lib/components/PortfolioV3Tab.svelte;202;profil de nouvelle production;new production profile
app/dashboard/src/lib/components/PortfolioV3Tab.svelte;211;Annuler;Cancel
app/dashboard/src/lib/components/PortfolioV3Tab.svelte;213;Création…;Creating…
app/dashboard/src/lib/components/PortfolioV3Tab.svelte;213;Créer le portfolio;Create the portfolio
app/dashboard/src/lib/components/PortfolioV3Tab.svelte;221;Chargement…;Loading…
app/dashboard/src/lib/components/PortfolioV3Tab.svelte;231;Stock amort;Stock amortization
app/dashboard/src/lib/components/PortfolioV3Tab.svelte;231;New production;New production
app/dashboard/src/lib/components/PortfolioV3Tab.svelte;235;chargé;loaded
app/dashboard/src/lib/components/PortfolioV3Tab.svelte;240;Ajouter un profil;Add a profile
app/dashboard/src/lib/components/PortfolioV3Tab.svelte;241;Charger deux CSV : un profil d'amortissement et un vecteur d'encours (même nombre de lignes).;Load two CSV: an amortization profile and an outstanding vector (same number of rows).
app/dashboard/src/lib/components/PortfolioV3Tab.svelte;246;Label (optionnel);Label (optional)
app/dashboard/src/lib/components/PortfolioV3Tab.svelte;247;Ex: Résidentiel France;Example: Residential France
app/dashboard/src/lib/components/PortfolioV3Tab.svelte;253;Schedule CSV;Schedule CSV
app/dashboard/src/lib/components/PortfolioV3Tab.svelte;261;Outstanding CSV;Outstanding CSV
app/dashboard/src/lib/components/PortfolioV3Tab.svelte;269;Format attendu;Expected format
app/dashboard/src/lib/components/PortfolioV3Tab.svelte;289;Upload…;Uploading…
app/dashboard/src/lib/components/PortfolioV3Tab.svelte;289;Ajouter ce profil;Add this profile
app/dashboard/src/lib/components/PortfolioV3Tab.svelte;298;Aucun profil chargé.;No profile loaded.
app/dashboard/src/lib/components/PortfolioV3Tab.svelte;299;Utilisez le formulaire à gauche pour importer vos premiers CSV.;Use the form on the left to import your first CSVs.
app/dashboard/src/lib/components/PortfolioV3Tab.svelte;309;Aperçu;Preview
app/dashboard/src/lib/components/PortfolioV3Tab.svelte;345;Aperçu — ${previewRow.label ?? 'Profil'};Preview — ${previewRow.label ?? 'Profile'}
app/dashboard/src/lib/components/PortfolioV3Tab.svelte;351;Encours;Outstanding
app/dashboard/src/lib/components/PortfolioV3Tab.svelte;365;périodes;periods
app/dashboard/src/lib/components/PortfolioV3Tab.svelte;370;Schedule (dernier profil);Schedule (last profile)
app/dashboard/src/lib/components/CurveLab.svelte;76;Courbe ESTR interpolée;Interpolated ESTR curve
app/dashboard/src/lib/components/CurveLab.svelte;130;Sélectionnez au moins une série.;Select at least one series.
app/dashboard/src/lib/components/CurveLab.svelte;150;Chargez des données avant d'exécuter le script.;Load data before executing the script.
app/dashboard/src/lib/components/CurveLab.svelte;158;Erreur worker:;Worker error:
app/dashboard/src/lib/components/CurveLab.svelte;174;Générée via Python Lab;Generated via Python Lab
app/dashboard/src/lib/components/CurveLab.svelte;176;✓ Courbe sauvegardée dans la bibliothèque.;✓ Curve saved to library.
app/dashboard/src/lib/components/CurveLab.svelte;212;Python prêt;Python ready
app/dashboard/src/lib/components/CurveLab.svelte;214;Exécution…;Running…
app/dashboard/src/lib/components/CurveLab.svelte;216;Chargement Pyodide…;Loading Pyodide…
app/dashboard/src/lib/components/CurveLab.svelte;216;Chargement…;Loading…
app/dashboard/src/lib/components/CurveLab.svelte;225;Exécution…;Running…
app/dashboard/src/lib/components/CurveLab.svelte;225;Exécuter;Execute
app/dashboard/src/lib/components/CurveLab.svelte;235;Données;Data
app/dashboard/src/lib/components/CurveLab.svelte;237;Séries;Series
app/dashboard/src/lib/components/CurveLab.svelte;247;Aucune série en base;No series in database
app/dashboard/src/lib/components/CurveLab.svelte;251;Période;Period
app/dashboard/src/lib/components/CurveLab.svelte;253;De;From
app/dashboard/src/lib/components/CurveLab.svelte;257;À;To
app/dashboard/src/lib/components/CurveLab.svelte;261;Tenor (optionnel);Tenor (optional)
app/dashboard/src/lib/components/CurveLab.svelte;263;Tous;All
app/dashboard/src/lib/components/CurveLab.svelte;274;Chargement…;Loading…
app/dashboard/src/lib/components/CurveLab.svelte;274;Charger les données;Load data
app/dashboard/src/lib/components/CurveLab.svelte;279;observations chargées;observations loaded
app/dashboard/src/lib/components/CurveLab.svelte;308;Résultat;Result
app/dashboard/src/lib/components/CurveLab.svelte;312;Exécutez le script pour voir le résultat.;Execute the script to see the result.
app/dashboard/src/lib/components/CurveLab.svelte;313;Le script doit définir result — une liste de taux décimaux aux tenors FTP standard.;The script must define result — a list of decimal rates at standard FTP tenors.
app/dashboard/src/lib/components/CurveLab.svelte;317;Erreur Python;Python error
app/dashboard/src/lib/components/CurveLab.svelte;330;Tenor;Tenor
app/dashboard/src/lib/components/CurveLab.svelte;330;Taux;Rate
app/dashboard/src/lib/components/CurveLab.svelte;346;Courbe interpolée;Interpolated curve
app/dashboard/src/lib/components/CurveLab.svelte;358;Sauvegarder dans la bibliothèque;Save to library
app/dashboard/src/lib/components/CurveLab.svelte;359;Nom de la courbe;Curve name
app/dashboard/src/lib/components/CurveLab.svelte;374;Sauvegarde…;Saving…
app/dashboard/src/lib/components/CurveLab.svelte;374;Sauvegarder dans la bibliothèque;Save to library
app/dashboard/src/lib/workers/pyodide.worker.js;27;Chargement de Pyodide…;Loading Pyodide…
app/dashboard/src/lib/workers/pyodide.worker.js;35;Chargement de numpy, pandas, scipy…;Loading numpy, pandas, scipy…
app/dashboard/src/lib/components/DatasetsCreatorTab.svelte;19;Contrats;Contracts
app/dashboard/src/lib/components/DatasetsCreatorTab.svelte;20;Branches;Branches
app/dashboard/src/lib/components/DatasetsCreatorTab.svelte;21;Business Units;Business Units
app/dashboard/src/lib/components/DatasetsCreatorTab.svelte;22;Départements;Departments
app/dashboard/src/lib/components/DatasetsCreatorTab.svelte;23;Vendeurs;Sellers
app/dashboard/src/lib/components/DatasetsCreatorTab.svelte;24;Trésoreries;Treasuries
app/dashboard/src/lib/components/DatasetsCreatorTab.svelte;25;Courbes de taux;Rate curves
app/dashboard/src/lib/components/DatasetsCreatorTab.svelte;26;Séries historiques;Historical series
app/dashboard/src/lib/components/DatasetsCreatorTab.svelte;27;Type inconnu;Unknown type
app/dashboard/src/lib/components/DatasetsCreatorTab.svelte;28;Archive ZIP (multi);ZIP archive (multi)
app/dashboard/src/lib/components/DatasetsCreatorTab.svelte;67;Choisissez un fichier.;Choose a file.
app/dashboard/src/lib/components/DatasetsCreatorTab.svelte;68;Nom du dataset requis.;Dataset name required.
app/dashboard/src/lib/components/DatasetsCreatorTab.svelte;69;Sélectionnez un dataset existant.;Select an existing dataset.
app/dashboard/src/lib/components/DatasetsCreatorTab.svelte;119;Importez un ZIP (dataset complet) ou un CSV individuel.;Import a ZIP (complete dataset) or individual CSV.
app/dashboard/src/lib/components/DatasetsCreatorTab.svelte;131;Déposez un .zip ou .csv ici;Drop a .zip or .csv here
app/dashboard/src/lib/components/DatasetsCreatorTab.svelte;132;ou cliquez pour parcourir;or click to browse
app/dashboard/src/lib/components/DatasetsCreatorTab.svelte;144;Type détecté :;Detected type:
app/dashboard/src/lib/components/DatasetsCreatorTab.svelte;151;Columns:;Columns:
app/dashboard/src/lib/components/DatasetsCreatorTab.svelte;160;Nouveau dataset;New dataset
app/dashboard/src/lib/components/DatasetsCreatorTab.svelte;161;Dataset existant;Existing dataset
app/dashboard/src/lib/components/DatasetsCreatorTab.svelte;167;Nom *;Name *
app/dashboard/src/lib/components/DatasetsCreatorTab.svelte;168;ex: Portfolio Q1 2026;example: Portfolio Q1 2026
app/dashboard/src/lib/components/DatasetsCreatorTab.svelte;171;Date de référence;Reference date
app/dashboard/src/lib/components/DatasetsCreatorTab.svelte;176;Description;Description
app/dashboard/src/lib/components/DatasetsCreatorTab.svelte;181;Dataset cible;Target dataset
app/dashboard/src/lib/components/DatasetsCreatorTab.svelte;183;— Sélectionner —;— Select —
app/dashboard/src/lib/components/DatasetsCreatorTab.svelte;186;contrats;contracts
app/dashboard/src/lib/components/DatasetsCreatorTab.svelte;196;Import en cours…;Import in progress…
app/dashboard/src/lib/components/DatasetsCreatorTab.svelte;196;Importer;Import
app/dashboard/src/lib/components/DatasetsCreatorTab.svelte;202;✓ ${totalImported()} enregistrements importés;✓ ${totalImported()} records imported
app/dashboard/src/lib/components/DatasetsCreatorTab.svelte;213;Dataset ID :;Dataset ID:
app/dashboard/src/lib/components/DatasetsCreatorTab.svelte;222;Types de fichiers acceptés;Accepted file types
app/dashboard/src/lib/components/DatasetsCreatorTab.svelte;234;Générer un dataset complet;Generate a complete dataset
app/dashboard/src/lib/components/DatasetsCreatorTab.svelte;241;Le ZIP généré contient : contracts, entités, courbes, séries historiques.;The generated ZIP contains: contracts, entities, curves, historical series.
app/dashboard/src/lib/components/DatasetsCreatorTab.svelte;245;Chargement direct depuis le serveur;Direct loading from server
app/dashboard/src/lib/components/DatasetsCreatorTab.svelte;246;Les datasets générés sur le serveur peuvent être chargés directement depuis l'onglet Explorer sans upload.;Datasets generated on the server can be loaded directly from the Explorer tab without upload.
app/dashboard/src/lib/components/DatasetsExplorerTab.svelte;50;Chargé : ${r.loaded.contracts} contrats, ${r.loaded.curves} courbes, ${r.loaded.runoff_models} modèles NMD.;Loaded: ${r.loaded.contracts} contracts, ${r.loaded.curves} curves, ${r.loaded.runoff_models} NMD models.
app/dashboard/src/lib/components/DatasetsExplorerTab.svelte;59;Retirer "${selected.meta.name}" de la base ?;Remove "${selected.meta.name}" from database?
app/dashboard/src/lib/components/DatasetsExplorerTab.svelte;64;Dataset retiré de la base.;Dataset removed from database.
app/dashboard/src/lib/components/DatasetsExplorerTab.svelte;85;Export ZIP téléchargé.;ZIP export downloaded.
app/dashboard/src/lib/components/DatasetsExplorerTab.svelte;102;Datasets disponibles sur le serveur;Datasets available on the server.
app/dashboard/src/lib/components/DatasetsExplorerTab.svelte;105;Actualisation…;Updating…
app/dashboard/src/lib/components/DatasetsExplorerTab.svelte;105;Actualiser;Refresh
app/dashboard/src/lib/components/DatasetsExplorerTab.svelte;112;Disponibles (${fsList.length});Available (${fsList.length})
app/dashboard/src/lib/components/DatasetsExplorerTab.svelte;115;Chargement…;Loading…
app/dashboard/src/lib/components/DatasetsExplorerTab.svelte;117;Aucun dataset trouvé.;No dataset found.
app/dashboard/src/lib/components/DatasetsExplorerTab.svelte;117;Générez-en via le Creator.;Generate one via the Creator.
app/dashboard/src/lib/components/DatasetsExplorerTab.svelte;132;En DB;In DB
app/dashboard/src/lib/components/DatasetsExplorerTab.svelte;134;Disponible;Available
app/dashboard/src/lib/components/DatasetsExplorerTab.svelte;142;contrats;contracts
app/dashboard/src/lib/components/DatasetsExplorerTab.svelte;156;Sélectionnez un dataset;Select a dataset
app/dashboard/src/lib/components/DatasetsExplorerTab.svelte;167;Export ZIP;Export ZIP
app/dashboard/src/lib/components/DatasetsExplorerTab.svelte;169;Retirer de la DB;Remove from DB
app/dashboard/src/lib/components/DatasetsExplorerTab.svelte;173;Chargement…;Loading…
app/dashboard/src/lib/components/DatasetsExplorerTab.svelte;173;Charger en DB;Load to DB
app/dashboard/src/lib/components/DatasetsExplorerTab.svelte;187;Contrats;Contracts
app/dashboard/src/lib/components/DatasetsExplorerTab.svelte;191;Courbes de taux;Rate curves
app/dashboard/src/lib/components/DatasetsExplorerTab.svelte;195;Entités org.;Org. entities
app/dashboard/src/lib/components/DatasetsExplorerTab.svelte;199;Séries historiques;Historical series
app/dashboard/src/lib/components/DatasetsExplorerTab.svelte;203;En DB;In DB
app/dashboard/src/lib/components/DatasetsExplorerTab.svelte;203;Non chargé;Not loaded
app/dashboard/src/lib/components/DatasetsExplorerTab.svelte;205;Statut;Status
app/dashboard/src/lib/components/DatasetsExplorerTab.svelte;209;Date de référence;Reference date
app/dashboard/src/lib/components/DatasetsExplorerTab.svelte;218;Chargement…;Loading…
app/dashboard/src/lib/components/DatasetsExplorerTab.svelte;221;Aucun contrat lié à ce dataset.;No contract linked to this dataset.
app/dashboard/src/lib/components/DatasetsExplorerTab.svelte;256;Ce dataset n'est pas encore chargé en base de données.;This dataset is not yet loaded into the database.
app/dashboard/src/lib/components/DatasetsExplorerTab.svelte;257;Cliquez sur Charger en DB pour importer les contrats, courbes de taux et modèles NMD.;Click Load to DB to import contracts, rate curves and NMD models.
app/dashboard/src/lib/components/DatasetsTab.svelte;8;Importez des données de référence ou exportez une sauvegarde complète.;Import reference data or export a complete backup.
app/dashboard/src/lib/components/DatasetsTab.svelte;15;Télécharge une sauvegarde de toutes les tables;Downloads a backup of all tables
app/dashboard/src/lib/components/DatasetsTab.svelte;16;Télécharger la sauvegarde;Download backup
app/dashboard/src/lib/components/DatasetsTab.svelte;23;Courbes de taux;Rate curves
app/dashboard/src/lib/components/DatasetsTab.svelte;24;Gérez la bibliothèque de courbes;Manage the curve library
app/dashboard/src/lib/components/DatasetsTab.svelte;32;Portefeuilles;Portfolios
app/dashboard/src/lib/components/DatasetsTab.svelte;33;Importez des positions via CSV ou créez des portefeuilles manuellement.;Import positions via CSV or create portfolios manually.
app/dashboard/src/lib/components/DatasetsTab.svelte;41;Modèles NMD;NMD models
app/dashboard/src/lib/components/DatasetsTab.svelte;42;Calibrez et gérez les modèles comportementaux;Calibrate and manage behavioral models
app/dashboard/src/lib/components/DashboardTab.svelte;138;Rafraîchir;Refresh
app/dashboard/src/lib/components/DashboardTab.svelte;144;Chargement des données...;Loading data...
app/dashboard/src/lib/components/DashboardTab.svelte;152;Encours total;Total outstanding
app/dashboard/src/lib/components/DashboardTab.svelte;154;dernière exécution;last execution
app/dashboard/src/lib/components/DashboardTab.svelte;160;Taux FTP moyen;Average FTP rate
app/dashboard/src/lib/components/DashboardTab.svelte;162;pondéré · ${lastMethod};weighted · ${lastMethod}
app/dashboard/src/lib/components/DashboardTab.svelte;168;Int. FTP mensuel;Monthly FTP interest
app/dashboard/src/lib/components/DashboardTab.svelte;170;coût de refinancement;refinancing cost
app/dashboard/src/lib/components/DashboardTab.svelte;176;Exécutions complètes;Completed executions
app/dashboard/src/lib/components/DashboardTab.svelte;178;durée moy. ${avgDuration()};avg. duration ${avgDuration()}
app/dashboard/src/lib/components/DashboardTab.svelte;188;Décomposition NIM;NIM breakdown
app/dashboard/src/lib/components/DashboardTab.svelte;189;annualisée;annual
app/dashboard/src/lib/components/DashboardTab.svelte;217;Taux FTP par méthode;FTP rate by method
app/dashboard/src/lib/components/DashboardTab.svelte;218;bleu = bas · rouge = élevé;blue = low · red = high
app/dashboard/src/lib/components/DashboardTab.svelte;249;Produit;Product
app/dashboard/src/lib/components/DashboardTab.svelte;249;Branche;Branch
app/dashboard/src/lib/components/DashboardTab.svelte;249;Vendeur;Seller
app/dashboard/src/lib/components/DashboardTab.svelte;273;Exécutions récentes;Recent executions
app/dashboard/src/lib/components/DashboardTab.svelte;277;Aucune exécution. Lancez un calcul FTP dans l'onglet Exécutions.;No execution. Run an FTP calculation in the Executions tab.
app/dashboard/src/lib/components/DashboardTab.svelte;284;Méthode;Method
app/dashboard/src/lib/components/DashboardTab.svelte;284;Statut;Status
app/dashboard/src/lib/components/DashboardTab.svelte;284;Durée;Duration
app/dashboard/src/lib/components/DashboardTab.svelte;284;Taux FTP;FTP rate
app/dashboard/src/lib/components/ScenariosTab.svelte;58;Sélectionnez un portefeuille.;Select a portfolio.
app/dashboard/src/lib/components/ScenariosTab.svelte;66;Scénario Base — ${method};Base Scenario — ${method}
app/dashboard/src/lib/components/ScenariosTab.svelte;77;Scénario ${shock.label} — ${method};Scenario ${shock.label} — ${method}
app/dashboard/src/lib/components/ScenariosTab.svelte;122;Analyse de scénarios BCBS;BCBS scenario analysis
app/dashboard/src/lib/components/ScenariosTab.svelte;123;6 chocs de taux standard — parallèles;6 standard rate shocks — parallel
app/dashboard/src/lib/components/ScenariosTab.svelte;133;— Sélectionner —;— Select —
app/dashboard/src/lib/components/ScenariosTab.svelte;141;Méthode FTP;FTP method
app/dashboard/src/lib/components/ScenariosTab.svelte;150;Encours (€);Outstanding (€)
app/dashboard/src/lib/components/ScenariosTab.svelte;155;Maturité (mois);Maturity (months)
app/dashboard/src/lib/components/ScenariosTab.svelte;160;Taux client (pour NIM);Client rate (for NIM)
app/dashboard/src/lib/components/ScenariosTab.svelte;166;Calcul des scénarios…;Calculating scenarios…
app/dashboard/src/lib/components/ScenariosTab.svelte;166;Lancer les 6 scénarios;Launch the 6 scenarios
app/dashboard/src/lib/components/ScenariosTab.svelte;173;Résultats comparatifs;Comparative results
app/dashboard/src/lib/components/ScenariosTab.svelte;177;Scénario;Scenario
app/dashboard/src/lib/components/ScenariosTab.svelte;178;Taux FTP;FTP rate
app/dashboard/src/lib/components/ScenariosTab.svelte;179;Δ FTP;Δ FTP
app/dashboard/src/lib/components/ScenariosTab.svelte;180;NIM;NIM
app/dashboard/src/lib/components/ScenariosTab.svelte;181;Δ NIM;Δ NIM
app/dashboard/src/lib/components/ScenariosTab.svelte;182;Visualisation;Visualization
app/dashboard/src/lib/components/ScenariosTab.svelte;189;Cas de base;Base case
app/dashboard/src/lib/components/NmdTab.svelte;86;Supprimer ce modèle ?;Delete this model?
app/dashboard/src/lib/components/NmdTab.svelte;99;Calibration NMD — modèle exponentiel;NMD Calibration — exponential model
app/dashboard/src/lib/components/NmdTab.svelte;100;V(t) = V(0) × e−λt · Estimation OLS sur série historique;V(t) = V(0) × e−λt · OLS estimation on historical series
app/dashboard/src/lib/components/NmdTab.svelte;103;Série de volumes historiques (séparés par des virgules);Historical volume series (comma-separated)
app/dashboard/src/lib/components/NmdTab.svelte;105;Une valeur par période (mois);One value per period (month)
app/dashboard/src/lib/components/NmdTab.svelte;110;Horizon du profil (mois);Profile horizon (months)
app/dashboard/src/lib/components/NmdTab.svelte;114;Ratio core (0–1);Core ratio (0–1)
app/dashboard/src/lib/components/NmdTab.svelte;116;Fraction stable du dépôt (ALCO);Stable fraction of deposit (ALCO)
app/dashboard/src/lib/components/NmdTab.svelte;124;Calibrer λ;Calibrate λ
app/dashboard/src/lib/components/NmdTab.svelte;129;λ (taux de décroissance);λ (decay rate)
app/dashboard/src/lib/components/NmdTab.svelte;133;WAL;WAL
app/dashboard/src/lib/components/NmdTab.svelte;137;Ratio non-core;Non-core ratio
app/dashboard/src/lib/components/NmdTab.svelte;141;WAL plafonné à ${EBA_WAL_CAP}M selon les guidelines EBA NMD;WAL capped at ${EBA_WAL_CAP}M according to EBA NMD guidelines
app/dashboard/src/lib/components/NmdTab.svelte;150;Profil combiné (core + volatile);Combined profile (core + volatile)
app/dashboard/src/lib/components/NmdTab.svelte;160;Core;Core
app/dashboard/src/lib/components/NmdTab.svelte;161;Non-core;Non-core
app/dashboard/src/lib/components/NmdTab.svelte;167;Enregistrer le modèle de runoff;Save the runoff model
app/dashboard/src/lib/components/NmdTab.svelte;172;Nom du modèle;Model name
app/dashboard/src/lib/components/NmdTab.svelte;176;Type de produit;Product type
app/dashboard/src/lib/components/NmdTab.svelte;178;NMD (dépôts à vue);NMD (demand deposits)
app/dashboard/src/lib/components/NmdTab.svelte;179;Épargne réglementée;Regulated savings
app/dashboard/src/lib/components/NmdTab.svelte;180;Compte courant;Current account
app/dashboard/src/lib/components/NmdTab.svelte;184;Enregistrer;Save
app/dashboard/src/lib/components/NmdTab.svelte;190;Modèles de runoff enregistrés;Saved runoff models
app/dashboard/src/lib/components/NmdTab.svelte;192;Aucun modèle enregistré.;No model saved.
app/dashboard/src/lib/components/PricerTab.svelte;61;Pricer — position unique;Pricer — single position
app/dashboard/src/lib/components/PricerTab.svelte;62;Calcul FTP à la volée pour une position type;On-the-fly FTP calculation for a typical position
app/dashboard/src/lib/components/PricerTab.svelte;96;Courbe de taux de marché;Market rate curve
app/dashboard/src/lib/components/PricerTab.svelte;108;Calcul…;Calculating…
app/dashboard/src/lib/components/PricerTab.svelte;108;Pricer;Pricer
app/dashboard/src/lib/components/PricerTab.svelte;133;Intérêts FTP/mois;FTP interest/month
app/dashboard/src/lib/components/PricerTab.svelte;137;Durée calcul;Calculation duration
app/dashboard/src/lib/components/PricerTab.svelte;146;Profil de taux FTP par tranche;FTP rate profile by tranche
app/dashboard/src/lib/components/GovernanceTab.svelte;59;Gouvernance & Approbation ALCO;Governance & ALCO Approval
app/dashboard/src/lib/components/GovernanceTab.svelte;60;Validation des courbes, modèles de runoff, piste d'audit;Validation of curves, runoff models, audit trail
app/dashboard/src/lib/components/GovernanceTab.svelte;63;élément en attente;element pending
app/dashboard/src/lib/components/GovernanceTab.svelte;70;Courbes en attente;Curves pending
app/dashboard/src/lib/components/GovernanceTab.svelte;74;Courbes approuvées;Approved curves
app/dashboard/src/lib/components/GovernanceTab.svelte;78;Courbes archivées;Archived curves
app/dashboard/src/lib/components/GovernanceTab.svelte;82;Modèles runoff en attente;Runoff models pending
app/dashboard/src/lib/components/GovernanceTab.svelte;86;Exécutions (total);Executions (total)
app/dashboard/src/lib/components/GovernanceTab.svelte;94;Courbes de taux;Rate curves
app/dashboard/src/lib/components/GovernanceTab.svelte;99;Toutes;All
app/dashboard/src/lib/components/GovernanceTab.svelte;99;En attente;Pending
app/dashboard/src/lib/components/GovernanceTab.svelte;99;Approuvées;Approved
app/dashboard/src/lib/components/GovernanceTab.svelte;106;Chargement…;Loading…
app/dashboard/src/lib/components/GovernanceTab.svelte;108;Aucune courbe dans cette catégorie.;No curve in this category.
app/dashboard/src/lib/components/GovernanceTab.svelte;152;Modèles de runoff en attente;Pending runoff models
app/dashboard/src/lib/components/GovernanceTab.svelte;155;Produit;Product
app/dashboard/src/lib/components/GovernanceTab.svelte;155;Méthode;Method
app/dashboard/src/lib/components/GovernanceTab.svelte;155;Catégorie;Category
app/dashboard/src/lib/components/GovernanceTab.svelte;155;Créé le;Created on
app/dashboard/src/lib/components/GovernanceTab.svelte;174;Piste d'audit — dernières exécutions;Audit trail — recent executions
app/dashboard/src/lib/components/GovernanceTab.svelte;176;Aucune exécution enregistrée.;No execution recorded.
app/dashboard/src/lib/components/GovernanceTab.svelte;180;Quand;When
app/dashboard/src/lib/components/GovernanceTab.svelte;180;Action;Action
app/dashboard/src/lib/components/GovernanceTab.svelte;180;Libellé;Label
app/dashboard/src/lib/components/GovernanceTab.svelte;180;Référence;Reference
app/dashboard/src/lib/components/GovernanceTab.svelte;180;Statut;Status
app/dashboard/src/lib/components/PortfolioTab.svelte;39;Supprimer ce portefeuille et toutes ses positions ?;Delete this portfolio and all its positions?
app/dashboard/src/lib/components/PortfolioTab.svelte;121;Portefeuilles;Portfolios
app/dashboard/src/lib/components/PortfolioTab.svelte;127;Nom du portefeuille;Portfolio name
app/dashboard/src/lib/components/PortfolioTab.svelte;128;Description (optionnel);Description (optional)
app/dashboard/src/lib/components/PortfolioTab.svelte;131;Créer;Create
app/dashboard/src/lib/components/PortfolioTab.svelte;132;Annuler;Cancel
app/dashboard/src/lib/components/PortfolioTab.svelte;153;Supprimer;Delete
app/dashboard/src/lib/components/PortfolioTab.svelte;157;Aucun portefeuille;No portfolio
app/dashboard/src/lib/components/PortfolioTab.svelte;168;position(s) ·;position(s) ·
app/dashboard/src/lib/components/PortfolioTab.svelte;171;Modèle Excel;Excel template
app/dashboard/src/lib/components/PortfolioTab.svelte;172;Export Excel;Excel export
app/dashboard/src/lib/components/PortfolioTab.svelte;179;Paramètres RAROC :;RAROC parameters:
app/dashboard/src/lib/components/PortfolioTab.svelte;180;Capital;Capital
app/dashboard/src/lib/components/PortfolioTab.svelte;181;EL;EL
app/dashboard/src/lib/components/PortfolioTab.svelte;182;Basé sur :;Based on:
app/dashboard/src/lib/components/PortfolioTab.svelte;191;Réf.;Ref.
app/dashboard/src/lib/components/PortfolioTab.svelte;192;Produit;Product
app/dashboard/src/lib/components/PortfolioTab.svelte;193;Branche;Branch
app/dashboard/src/lib/components/PortfolioTab.svelte;194;Vendeur;Seller
app/dashboard/src/lib/components/PortfolioTab.svelte;195;Encours;Outstanding
app/dashboard/src/lib/components/PortfolioTab.svelte;196;Taux client;Client rate
app/dashboard/src/lib/components/PortfolioTab.svelte;197;Taux FTP;FTP rate
app/dashboard/src/lib/components/PortfolioTab.svelte;198;NIM;NIM
app/dashboard/src/lib/components/PortfolioTab.svelte;199;RAROC;RAROC
app/dashboard/src/lib/components/PortfolioTab.svelte;228;Import CSV;CSV import
app/dashboard/src/lib/components/PortfolioTab.svelte;229;Colonnes : position_ref, product_type, branch, seller, currency, outstanding, origination_date, maturity_date, client_rate, risk_weight, profiles_json, rates_json;Columns: position_ref, product_type, branch, seller, currency, outstanding, origination_date, maturity_date, client_rate, risk_weight, profiles_json, rates_json
app/dashboard/src/lib/components/PortfolioTab.svelte;233;Collez votre CSV ici…;Paste your CSV here…
app/dashboard/src/lib/components/PortfolioTab.svelte;234;Importer;Import
app/dashboard/src/lib/components/PortfolioTab.svelte;239;Sélectionnez un portefeuille;Select a portfolio
app/dashboard/src/lib/components/ExecutionsTab.svelte;82;Rejouer —;Replay —
app/dashboard/src/lib/components/ExecutionsTab.svelte;157;Nouveau calcul FTP;New FTP calculation
app/dashboard/src/lib/components/ExecutionsTab.svelte;182;Libellé (optionnel);Label (optional)
app/dashboard/src/lib/components/ExecutionsTab.svelte;187;Encours JSON (tableau de nombres);Outstanding JSON (array of numbers)
app/dashboard/src/lib/components/ExecutionsTab.svelte;191;Profils JSON (matrice N×P);Profiles JSON (N×P matrix)
app/dashboard/src/lib/components/ExecutionsTab.svelte;197;Taux marché JSON (matrice N×(P-1));Market rates JSON (N×(P-1) matrix)
app/dashboard/src/lib/components/ExecutionsTab.svelte;204;Calcul en cours…;Calculation in progress…
app/dashboard/src/lib/components/ExecutionsTab.svelte;204;Lancer le calcul;Launch calculation
app/dashboard/src/lib/components/ExecutionsTab.svelte;213;Résultats —;Results —
app/dashboard/src/lib/components/ExecutionsTab.svelte;215;Export Excel;Excel export
app/dashboard/src/lib/components/ExecutionsTab.svelte;221;Taux FTP pondéré;Weighted FTP rate
app/dashboard/src/lib/components/ExecutionsTab.svelte;225;Encours total;Total outstanding
app/dashboard/src/lib/components/ExecutionsTab.svelte;229;Intérêts FTP/mois;FTP interest/month
app/dashboard/src/lib/components/ExecutionsTab.svelte;233;Durée calcul;Calculation duration
app/dashboard/src/lib/components/ExecutionsTab.svelte;243;Position;Position
app/dashboard/src/lib/components/ExecutionsTab.svelte;267;Comparer deux exécutions;Compare two executions
app/dashboard/src/lib/components/ExecutionsTab.svelte;270;— Exécution A —;— Execution A —
app/dashboard/src/lib/components/ExecutionsTab.svelte;275;— Exécution B —;— Execution B —
app/dashboard/src/lib/components/ExecutionsTab.svelte;282;Comparaison…;Comparing…
app/dashboard/src/lib/components/ExecutionsTab.svelte;282;Comparer;Compare
app/dashboard/src/lib/components/ExecutionsTab.svelte;297;Méthode;Method
app/dashboard/src/lib/components/ExecutionsTab.svelte;303;Taux FTP pondéré;Weighted FTP rate
app/dashboard/src/lib/components/ExecutionsTab.svelte;312;Encours total;Total outstanding
app/dashboard/src/lib/components/ExecutionsTab.svelte;318;Intérêts FTP/mois;FTP interest/month